"Host","Log Name","Date Time","Time Zone","Method","URL","Response Code","Bytes Sent","Referer","User Agent"
"104.154.57.6","-","2015-06-07 06:55:03","GMT-0700","GET","/",200,600,"-","NerdyBot"
"66.249.79.95","-","2015-06-07 06:59:12","GMT-0700","GET","/robots.txt",200,423,"-","Mozilla/5.0 (compatible; Googlebot/2.1; +http://www.google.com/bot.html)"
"5.152.218.218","-","2015-06-07 07:06:38","GMT-0700","HEAD","/robots.txt",200,278,"-","-"
"91.200.12.171","-","2015-06-07 07:36:42","GMT-0700","GET","/ramble/index.php",404,495,"www.paschernikemax.fr","Mozilla/5.0 (Windows NT 6.2; WOW64) AppleWebKit/537.36 (KHTML, like Gecko) Chrome/39.0.2171.71 Safari/537.36"
"91.200.12.171","-","2015-06-07 07:36:43","GMT-0700","GET","/",200,562,"http://spinster.org/","Mozilla/5.0 (Windows NT 6.2; WOW64) AppleWebKit/537.36 (KHTML, like Gecko) Chrome/39.0.2171.71 Safari/537.36"
"104.197.90.0","-","2015-06-07 08:13:53","GMT-0700","GET","/",200,600,"-","NerdyBot"
"119.63.196.77","-","2015-06-07 08:52:33","GMT-0700","GET","/",200,562,"-","Mozilla/5.0 (compatible; Baiduspider/2.0; +http://www.baidu.com/search/spider.html)"
"208.115.113.92","-","2015-06-07 09:02:55","GMT-0700","GET","/robots.txt",200,365,"-","Mozilla/5.0 (compatible; DotBot/1.1; http://www.opensiteexplorer.org/dotbot, help@moz.com)"
"208.115.113.92","-","2015-06-07 09:10:02","GMT-0700","GET","/",200,543,"-","Mozilla/5.0 (compatible; DotBot/1.1; http://www.opensiteexplorer.org/dotbot, help@moz.com)"
"178.255.215.92","-","2015-06-07 09:14:06","GMT-0700","GET","/robots.txt",200,385,"-","Mozilla/5.0 (compatible; Exabot/3.0; +http://www.exabot.com/go/robot)"
"68.180.229.24","-","2015-06-07 09:19:27","GMT-0700","GET","/robots.txt",304,155,"-","Mozilla/5.0 (compatible; Yahoo! Slurp; http://help.yahoo.com/help/us/ysearch/slurp)"
"77.75.78.162","-","2015-06-07 09:23:02","GMT-0700","GET","/robots.txt",200,423,"-","Mozilla/5.0 (compatible; SeznamBot/3.2; +http://fulltext.sblog.cz/)"
"208.115.113.82","-","2015-06-07 10:05:07","GMT-0700","GET","/robots.txt",200,365,"-","Mozilla/5.0 (compatible; DotBot/1.1; http://www.opensiteexplorer.org/dotbot, help@moz.com)"
"169.54.233.120","-","2015-06-07 10:27:07","GMT-0700","GET","/",200,562,"-","Mozilla/5.0 (Windows NT 6.1; rv:31.0) Gecko/20100101 Firefox/31.0"
"208.115.113.82","-","2015-06-07 10:44:55","GMT-0700","GET","/ramble/index.php?blogId=60",404,476,"-","Mozilla/5.0 (compatible; DotBot/1.1; http://www.opensiteexplorer.org/dotbot, help@moz.com)"
"46.165.197.142","-","2015-06-07 14:21:08","GMT-0700","GET","/robots.txt",200,358,"-","Mozilla/5.0 (compatible; MJ12bot/v1.4.5; http://www.majestic12.co.uk/bot.php?+)"
"64.79.100.11","-","2015-06-07 14:46:30","GMT-0700","GET","/robots.txt",200,385,"http://www.spinster.org/robots.txt","Mozilla/5.0 (Windows NT 6.1; WOW64) AppleWebKit/537.36 (KHTML, like Gecko) Chrome/39.0.2171.95 Safari/537.36"
"64.79.100.11","-","2015-06-07 14:46:30","GMT-0700","GET","/",200,527,"http://www.spinster.org","Mozilla/5.0 (Windows NT 6.1; WOW64) AppleWebKit/537.36 (KHTML, like Gecko) Chrome/39.0.2171.95 Safari/537.36"
"64.79.100.11","-","2015-06-07 14:46:30","GMT-0700","GET","/",200,565,"-","Java/1.7.0_09"
"66.249.79.129","-","2015-06-07 14:51:40","GMT-0700","GET","/robots.txt",200,423,"-","Mozilla/5.0 (compatible; Googlebot/2.1; +http://www.google.com/bot.html)"
"5.56.60.47","-","2015-06-07 16:19:57","GMT-0700","GET","/wp-config.php~~",404,536,"-","Mozilla/5.0 (Macintosh; U; Intel Mac OS X 10.6; fr; rv:1.9.2.8) Gecko/20100722 Firefox/3.6.8"
"173.242.82.103","-","2015-06-07 16:56:22","GMT-0700","GET","/",200,565,"-","Links (2.7; Linux 3.18.7-v7+ armv7l; GNU C 4.6.3; text)"
"31.193.196.98","-","2015-06-07 18:00:29","GMT-0700","GET","/ramble/index.php",404,495,"http://ru.drugspowerstore.com/","Mozilla/5.0 (Windows NT 6.1; WOW64) AppleWebKit/537.36 (KHTML, like Gecko) Chrome/39.0.2171.71 Safari/537.36"
"123.30.175.213","-","2015-06-07 18:12:00","GMT-0700","GET","/robots.txt",200,385,"-","Mozilla/5.0 (compatible; coccoc/1.0; +http://help.coccoc.com/)"
"162.211.122.43","-","2015-06-07 18:22:42","GMT-0700","GET","/",200,527,"http://www.spinster.org","Mozilla/5.0 (Windows NT 6.1; WOW64; rv:34.0) Gecko/20100101 Firefox/34.0"
"66.249.79.179","-","2015-06-07 20:50:46","GMT-0700","GET","/robots.txt",200,423,"-","Mozilla/5.0 (compatible; Googlebot/2.1; +http://www.google.com/bot.html)"
"104.255.65.11","-","2015-06-07 21:07:56","GMT-0700","GET","/robots.txt",200,358,"-","Mozilla/5.0 (compatible; MJ12bot/v1.4.5; http://www.majestic12.co.uk/bot.php?+)"
"106.38.241.105","-","2015-06-07 21:37:07","GMT-0700","GET","/robots.txt",200,358,"-","Sogou web spider/4.0(+http://www.sogou.com/docs/help/webmasters.htm#07)"
"106.38.241.105","-","2015-06-07 21:37:10","GMT-0700","GET","/",200,565,"-","Mozilla/5.0 (X11; Linux x86_64) AppleWebKit/534.34 (KHTML, like Gecko) Qt/4.8.1 Safari/534.34"
"106.38.241.105","-","2015-06-07 21:37:10","GMT-0700","GET","/hamster.gif",200,700105,"http://www.spinster.org/","Mozilla/5.0 (X11; Linux x86_64) AppleWebKit/534.34 (KHTML, like Gecko) Qt/4.8.1 Safari/534.34"
"5.56.60.47","-","2015-06-07 21:46:00","GMT-0700","GET","/wp-config.php~~",404,532,"-","Mozilla/5.0 (Macintosh; U; Intel Mac OS X 10.6; fr; rv:1.9.2.8) Gecko/20100722 Firefox/3.6.8"
"212.40.56.82","-","2015-06-07 22:16:21","GMT-0700","GET","/robots.txt",200,358,"-","Mozilla/5.0 (compatible; MJ12bot/v1.4.5; http://www.majestic12.co.uk/bot.php?+)"
"72.251.243.50","-","2015-06-07 23:28:26","GMT-0700","GET","/phpmyadmin/scripts/setup.php",404,512,"-","-"
"66.249.79.104","-","2015-06-08 02:41:22","GMT-0700","GET","/robots.txt",200,423,"-","Mozilla/5.0 (compatible; Googlebot/2.1; +http://www.google.com/bot.html)"
"192.99.107.16","-","2015-06-08 03:45:12","GMT-0700","GET","/robots.txt",200,366,"-","Mozilla/5.0 (compatible; meanpathbot/1.0; +http://www.meanpath.com/meanpathbot.html)"
"160.40.50.109","-","2015-06-08 05:02:33","GMT-0700","GET","/phone_pix/cat.jpg",404,534,"-","Java/1.8.0_45"
"160.40.50.109","-","2015-06-08 05:32:16","GMT-0700","GET","/phone_pix/cat.jpg",404,534,"-","Java/1.8.0_45"
"160.40.50.109","-","2015-06-08 05:44:53","GMT-0700","GET","/phone_pix/cat.jpg",404,534,"-","Java/1.8.0_45"
"160.40.50.109","-","2015-06-08 05:57:46","GMT-0700","GET","/phone_pix/cat.jpg",404,534,"-","Java/1.8.0_45"
"160.40.50.109","-","2015-06-08 06:10:57","GMT-0700","GET","/phone_pix/cat.jpg",404,534,"-","Java/1.8.0_45"
"54.237.9.101","-","2015-06-08 06:14:42","GMT-0700","HEAD","/",200,260,"-","Cloud mapping experiment. Contact research@pdrlabs.net"
"160.40.50.109","-","2015-06-08 06:24:03","GMT-0700","GET","/phone_pix/cat.jpg",404,534,"-","Java/1.8.0_45"
"160.40.50.109","-","2015-06-08 06:41:07","GMT-0700","GET","/phone_pix/cat.jpg",404,534,"-","Java/1.8.0_45"
"104.197.89.130","-","2015-06-08 06:56:09","GMT-0700","GET","/",200,600,"-","NerdyBot"
"160.40.50.109","-","2015-06-08 07:10:44","GMT-0700","GET","/phone_pix/cat.jpg",404,534,"-","Java/1.8.0_45"
"203.133.168.9","-","2015-06-08 08:32:11","GMT-0700","GET","/",200,565,"-","Mozilla/5.0 (compatible; MSIE or Firefox mutant; not on Windows server;) Daumoa/4.0"
"5.39.216.121","-","2015-06-08 08:40:19","GMT-0700","GET","/",200,562,"-","Internet-wide-scan-to-be-removed-from-this-list-email-info-at-binaryedge.io"
"203.133.169.228","-","2015-06-08 08:41:02","GMT-0700","GET","/",200,565,"-","Mozilla/5.0 (compatible; MSIE or Firefox mutant; not on Windows server;) Daumoa/4.0"
"148.251.52.173","-","2015-06-08 08:46:16","GMT-0700","GET","/photos/black_fleet/wookie.jpg",404,493,"-","-"
"119.63.196.13","-","2015-06-08 08:52:22","GMT-0700","GET","/",200,562,"-","Mozilla/5.0 (compatible; Baiduspider/2.0; +http://www.baidu.com/search/spider.html)"
"86.197.217.85","-","2015-06-08 09:09:05","GMT-0700","GET","/photos/black_fleet/YodaClaus.jpg",404,523,"http://sistema-anoat.blogspot.fr/2005_12_01_archive.html","Mozilla/5.0 (Windows NT 6.1; WOW64) AppleWebKit/537.36 (KHTML, like Gecko) Chrome/43.0.2357.81 Safari/537.36"
"86.197.217.85","-","2015-06-08 09:09:16","GMT-0700","GET","/photos/black_fleet/YodaClaus.jpg",404,522,"http://sistema-anoat.blogspot.fr/2005_12_01_archive.html","Mozilla/5.0 (Windows NT 6.1; WOW64) AppleWebKit/537.36 (KHTML, like Gecko) Chrome/43.0.2357.81 Safari/537.36"
"86.197.217.85","-","2015-06-08 09:09:17","GMT-0700","GET","/photos/black_fleet/YodaClaus.jpg",404,522,"http://sistema-anoat.blogspot.fr/2005_12_01_archive.html","Mozilla/5.0 (Windows NT 6.1; WOW64) AppleWebKit/537.36 (KHTML, like Gecko) Chrome/43.0.2357.81 Safari/537.36"
"155.94.220.79","-","2015-06-08 09:29:27","GMT-0700","GET","/ramble/index.php?blogId=12",404,469,"http://spinster.org/","Mozilla/5.0 (Windows NT 6.1; WOW64) AppleWebKit/537.36 (KHTML, like Gecko) Iron/29.0.1600.1 Chrome/29.0.1600.1 Safari/537.36"
"155.94.220.79","-","2015-06-08 09:29:28","GMT-0700","GET","/",200,565,"http://spinster.org","Mozilla/5.0 (Windows NT 6.1; WOW64) AppleWebKit/537.36 (KHTML, like Gecko) Iron/29.0.1600.1 Chrome/29.0.1600.1 Safari/537.36"
"66.249.65.193","-","2015-06-08 09:55:22","GMT-0700","GET","/robots.txt",200,423,"-","Mozilla/5.0 (compatible; Googlebot/2.1; +http://www.google.com/bot.html)"
"93.170.186.121","-","2015-06-08 10:13:27","GMT-0700","GET","/",200,543,"http://android-style.com/","Mozilla/4.0 (compatible; MSIE 6.0; Windows 98; Win 9x 4.90; Creative)"
"93.170.186.121","-","2015-06-08 10:13:30","GMT-0700","GET","/",200,543,"http://android-style.com/","Mozilla/4.0 (compatible; MSIE 6.0; Windows 98; Win 9x 4.90; Creative)"
"93.170.186.121","-","2015-06-08 10:13:33","GMT-0700","GET","/",200,543,"http://android-style.com/","Mozilla/4.0 (compatible; MSIE 6.0; Windows 98; Win 9x 4.90; Creative)"
"27.159.68.216","-","2015-06-08 10:16:12","GMT-0700","GET","/ramble/index.php?blogid=44",404,507,"-","Mozilla/4.0 (compatible; MSIE 6.0; Windows NT 5.1; SV1; Mozilla/4.0 (compatible; MSIE 6.0; Windows NT 5.1; SV1) )"
"73.178.90.174","-","2015-06-08 10:38:22","GMT-0700","GET","/",200,565,"http://m.yp.com/egg-harbor-township-nj/mip/atlantic-tool-supply-5248653","Mozilla/5.0 (iPhone; CPU iPhone OS 8_1_2 like Mac OS X) AppleWebKit/600.1.4 (KHTML, like Gecko) Version/8.0 Mobile/12B440 Safari/600.1.4"
"73.178.90.174","-","2015-06-08 10:38:22","GMT-0700","GET","/hamster.gif",200,700105,"http://spinster.org/","Mozilla/5.0 (iPhone; CPU iPhone OS 8_1_2 like Mac OS X) AppleWebKit/600.1.4 (KHTML, like Gecko) Version/8.0 Mobile/12B440 Safari/600.1.4"
"157.55.39.144","-","2015-06-08 11:54:28","GMT-0700","GET","/robots.txt",200,396,"-","Mozilla/5.0 (compatible; bingbot/2.0; +http://www.bing.com/bingbot.htm)"
"52.28.140.118","-","2015-06-08 12:41:44","GMT-0700","GET","/photos/als/eric_kiss.jpg",404,507,"-","Mozilla/5"
"203.133.168.9","-","2015-06-08 13:40:10","GMT-0700","GET","/robots.txt",200,423,"-","Mozilla/5.0 (compatible; MSIE or Firefox mutant; not on Windows server;) Daumoa/4.0"
"66.249.73.245","-","2015-06-08 14:33:28","GMT-0700","GET","/robots.txt",200,423,"-","Mozilla/5.0 (compatible; Googlebot/2.1; +http://www.google.com/bot.html)"
"66.249.73.235","-","2015-06-08 14:35:08","GMT-0700","GET","/robots.txt",200,423,"-","Mozilla/5.0 (compatible; Googlebot/2.1; +http://www.google.com/bot.html)"
"66.249.65.226","-","2015-06-08 14:45:45","GMT-0700","GET","/robots.txt",200,423,"-","Mozilla/5.0 (compatible; Googlebot/2.1; +http://www.google.com/bot.html)"
"174.129.167.125","-","2015-06-08 15:11:47","GMT-0700","GET","/",200,508,"-","Mozilla/5.0 (Windows NT 6.3; WOW64) AppleWebKit/537.36 (KHTML, like Gecko) Chrome/34.0.1847.137 Safari/537.36"
"54.204.220.91","-","2015-06-08 15:27:35","GMT-0700","GET","/",200,565,"-","Mozilla/5.0 (Windows NT 6.3; WOW64) AppleWebKit/537.36 (KHTML, like Gecko) Chrome/32.0.1700.76 Safari/537.36"
"213.229.71.206","-","2015-06-08 15:46:25","GMT-0700","GET","/",200,562,"-","-"
"213.229.71.206","-","2015-06-08 15:46:25","GMT-0700","GET","/wp-login.php",404,491,"-","-"
"213.229.71.206","-","2015-06-08 15:46:26","GMT-0700","GET","/administrator/index.php",404,502,"-","-"
"54.152.184.211","-","2015-06-08 15:46:37","GMT-0700","GET","/",200,600,"-","Mozilla/5.0 (X11; Ubuntu; Linux x86_64; rv:31.0) Gecko/20100101 Firefox/31.0"
"54.173.192.213","-","2015-06-08 15:46:38","GMT-0700","GET","/robots.txt",200,396,"-","Mozilla/5.0 (X11; Ubuntu; Linux x86_64; rv:31.0) Gecko/20100101 Firefox/31.0"
"54.164.170.240","-","2015-06-08 15:46:40","GMT-0700","GET","/favicon.ico",404,528,"-","Mozilla/5.0 (X11; Linux x86_64) AppleWebKit/537.36 (KHTML, like Gecko) Chrome/29.0.1547.57 Safari/537.36"
"180.108.68.237","-","2015-06-08 15:57:10","GMT-0700","GET","/ramble/index.php?blogId=12",404,476,"http://blog.cleastyle.com/?eid=4176","ia_archiver"
"54.173.194.96","-","2015-06-08 16:02:17","GMT-0700","GET","/robots.txt",200,396,"-","Mozilla/5.0 (X11; Ubuntu; Linux x86_64; rv:31.0) Gecko/20100101 Firefox/31.0"
"54.173.194.96","-","2015-06-08 16:02:17","GMT-0700","GET","/",200,600,"-","Mozilla/5.0 (X11; Ubuntu; Linux x86_64; rv:31.0) Gecko/20100101 Firefox/31.0"
"54.173.194.96","-","2015-06-08 16:02:17","GMT-0700","GET","/favicon.ico",404,528,"-","Mozilla/5.0 (X11; Ubuntu; Linux x86_64; rv:31.0) Gecko/20100101 Firefox/31.0"
"104.197.92.120","-","2015-06-08 18:35:02","GMT-0700","GET","/",200,600,"-","NerdyBot"
"27.159.68.216","-","2015-06-08 20:00:11","GMT-0700","GET","/ramble/index.php?blogid=44",404,507,"-","Mozilla/4.0 (compatible; MSIE 6.0; Windows NT 5.1)"
"104.197.12.225","-","2015-06-08 20:40:58","GMT-0700","GET","/",200,600,"-","NerdyBot"
"208.115.113.92","-","2015-06-08 21:06:18","GMT-0700","GET","/robots.txt",200,365,"-","Mozilla/5.0 (compatible; DotBot/1.1; http://www.opensiteexplorer.org/dotbot, help@moz.com)"
"208.115.113.92","-","2015-06-08 21:18:15","GMT-0700","GET","/ramble/index.php?blogId=5",404,476,"-","Mozilla/5.0 (compatible; DotBot/1.1; http://www.opensiteexplorer.org/dotbot, help@moz.com)"
"46.4.87.105","-","2015-06-08 21:42:01","GMT-0700","GET","/robots.txt",200,358,"-","Mozilla/5.0 (compatible; MJ12bot/v1.4.5; http://www.majestic12.co.uk/bot.php?+)"
"178.255.215.92","-","2015-06-08 21:54:14","GMT-0700","GET","/robots.txt",200,385,"-","Mozilla/5.0 (compatible; Exabot/3.0; +http://www.exabot.com/go/robot)"
"104.236.20.14","-","2015-06-08 22:02:40","GMT-0700","GET","/",200,562,"-","Mozilla/5.0 (compatible; NetcraftSurveyAgent/1.0; +info@netcraft.com)"
"157.55.39.55","-","2015-06-08 22:22:09","GMT-0700","GET","/robots.txt",200,396,"-","Mozilla/5.0 (compatible; bingbot/2.0; +http://www.bing.com/bingbot.htm)"
"203.133.170.16","-","2015-06-08 22:52:45","GMT-0700","GET","/",200,565,"-","Mozilla/5.0 (compatible; MSIE or Firefox mutant; not on Windows server;) Daumoa/4.0"
"203.133.168.101","-","2015-06-08 22:55:56","GMT-0700","GET","/",200,565,"-","Mozilla/5.0 (compatible; MSIE or Firefox mutant; not on Windows server;) Daumoa/4.0"
"70.167.8.42","-","2015-06-08 23:03:48","GMT-0700","GET","/robots.txt",200,366,"-","izsearch.com"
"162.211.122.43","-","2015-06-08 23:31:40","GMT-0700","GET","/",200,527,"http://www.spinster.org","Mozilla/5.0 (Windows NT 6.1; WOW64; rv:34.0) Gecko/20100101 Firefox/34.0"
"46.229.170.197","-","2015-06-08 23:38:35","GMT-0700","GET","/",200,543,"-","Mozilla/5.0 (Windows NT 6.1; rv:2.0b10pre) Gecko/20110113 Firefox/4.0b10pre"
"123.30.175.208","-","2015-06-08 23:58:00","GMT-0700","GET","/robots.txt",200,385,"-","Mozilla/5.0 (compatible; coccoc/1.0; +http://help.coccoc.com/)"
"160.40.50.109","-","2015-06-09 00:22:38","GMT-0700","GET","/phone_pix/cat.jpg",404,534,"-","Java/1.8.0_45"
"141.212.122.202","-","2015-06-09 00:37:34","GMT-0700","GET","/",200,543,"-","-"
"160.40.50.109","-","2015-06-09 00:51:42","GMT-0700","GET","/phone_pix/cat.jpg",404,534,"-","Java/1.8.0_45"
"160.40.50.109","-","2015-06-09 01:04:05","GMT-0700","GET","/phone_pix/cat.jpg",404,534,"-","Java/1.8.0_45"
"208.115.113.92","-","2015-06-09 01:05:09","GMT-0700","GET","/robots.txt",200,365,"-","Mozilla/5.0 (compatible; DotBot/1.1; http://www.opensiteexplorer.org/dotbot, help@moz.com)"
"160.40.50.109","-","2015-06-09 01:16:16","GMT-0700","GET","/phone_pix/cat.jpg",404,534,"-","Java/1.8.0_45"
"208.115.113.92","-","2015-06-09 01:23:47","GMT-0700","GET","/ramble/index.php?blogId=26",404,476,"-","Mozilla/5.0 (compatible; DotBot/1.1; http://www.opensiteexplorer.org/dotbot, help@moz.com)"
"160.40.50.109","-","2015-06-09 01:27:50","GMT-0700","GET","/phone_pix/cat.jpg",404,534,"-","Java/1.8.0_45"
"160.40.50.109","-","2015-06-09 01:39:50","GMT-0700","GET","/phone_pix/cat.jpg",404,534,"-","Java/1.8.0_45"
"160.40.50.109","-","2015-06-09 01:52:15","GMT-0700","GET","/phone_pix/cat.jpg",404,534,"-","Java/1.8.0_45"
"160.40.50.109","-","2015-06-09 02:03:47","GMT-0700","GET","/phone_pix/cat.jpg",404,534,"-","Java/1.8.0_45"
"203.133.168.101","-","2015-06-09 02:21:51","GMT-0700","GET","/robots.txt",200,423,"-","Mozilla/5.0 (compatible; MSIE or Firefox mutant; not on Windows server;) Daumoa/4.0"
"217.69.133.169","-","2015-06-09 03:52:12","GMT-0700","GET","/",200,508,"-","Mozilla/5.0 (X11; Linux x86_64; rv:18.0) Gecko/20100101 Firefox/18.0"
"217.69.133.169","-","2015-06-09 03:52:12","GMT-0700","GET","/favicon.ico",404,447,"-","Mozilla/5.0 (X11; Linux x86_64; rv:18.0) Gecko/20100101 Firefox/18.0"
"50.182.5.128","-","2015-06-09 03:59:06","GMT-0700","GET","/",200,565,"http://www.yellowpages.com/search?search_terms=tool+stores&geo_location_terms=Absecon%2C+NJ","Mozilla/5.0 (Macintosh; Intel Mac OS X 10_5_8) AppleWebKit/534.50.2 (KHTML, like Gecko) Version/5.0.6 Safari/533.22.3"
"50.182.5.128","-","2015-06-09 03:59:07","GMT-0700","GET","/hamster.gif",200,700106,"http://spinster.org/","Mozilla/5.0 (Macintosh; Intel Mac OS X 10_5_8) AppleWebKit/534.50.2 (KHTML, like Gecko) Version/5.0.6 Safari/533.22.3"
"50.182.5.128","-","2015-06-09 03:59:10","GMT-0700","GET","/favicon.ico",404,504,"http://spinster.org/","Mozilla/5.0 (Macintosh; Intel Mac OS X 10_5_8) AppleWebKit/534.50.2 (KHTML, like Gecko) Version/5.0.6 Safari/533.22.3"
"186.42.187.42","-","2015-06-09 04:10:14","GMT-0700","GET","//myadmin/scripts/setup.php",404,478,"-","-"
"186.42.187.42","-","2015-06-09 04:10:14","GMT-0700","GET","//MyAdmin/scripts/setup.php",404,479,"-","-"
"217.69.133.169","-","2015-06-09 04:22:53","GMT-0700","GET","/",200,508,"-","Mozilla/5.0 (X11; Linux x86_64; rv:18.0) Gecko/20100101 Firefox/18.0"
"217.69.133.169","-","2015-06-09 04:22:54","GMT-0700","GET","/favicon.ico",404,447,"-","Mozilla/5.0 (X11; Linux x86_64; rv:18.0) Gecko/20100101 Firefox/18.0"
"95.215.9.222","-","2015-06-09 04:35:53","GMT-0700","GET","/",200,562,"-","netscan.lekus.su"
"75.98.36.146","-","2015-06-09 04:45:08","GMT-0700","GET","/admin/bootstrap.inc.php?mgp=danc3Uf@t&c=",404,458,"-","Mozilla/5.0 (Macintosh; Intel Mac OS X 10.6; rv:29.0) Gecko/20100101 Firefox/29.0"
"111.13.102.10","-","2015-06-09 04:52:04","GMT-0700","GET","/robots.txt",200,385,"-","Mozilla/5.0 (Windows NT 5.1; rv:6.0.2) Gecko/20100101 Firefox/6.0.2"
"50.182.5.128","-","2015-06-09 05:00:43","GMT-0700","GET","/",200,565,"-","Mozilla/5.0 (Macintosh; Intel Mac OS X 10_5_8) AppleWebKit/534.50.2 (KHTML, like Gecko) Version/5.0.6 Safari/533.22.3"
"50.182.5.128","-","2015-06-09 05:00:43","GMT-0700","GET","/hamster.gif",200,700106,"http://spinster.org/","Mozilla/5.0 (Macintosh; Intel Mac OS X 10_5_8) AppleWebKit/534.50.2 (KHTML, like Gecko) Version/5.0.6 Safari/533.22.3"
"217.69.133.169","-","2015-06-09 05:09:23","GMT-0700","GET","/",200,508,"-","Mozilla/5.0 (X11; Linux x86_64; rv:18.0) Gecko/20100101 Firefox/18.0"
"217.69.133.169","-","2015-06-09 05:09:23","GMT-0700","GET","/favicon.ico",404,447,"-","Mozilla/5.0 (X11; Linux x86_64; rv:18.0) Gecko/20100101 Firefox/18.0"
"192.99.107.178","-","2015-06-09 05:46:45","GMT-0700","GET","/robots.txt",200,366,"-","Mozilla/5.0 (compatible; meanpathbot/1.0; +http://www.meanpath.com/meanpathbot.html)"
"208.115.113.92","-","2015-06-09 06:49:06","GMT-0700","GET","/robots.txt",200,365,"-","Mozilla/5.0 (compatible; DotBot/1.1; http://www.opensiteexplorer.org/dotbot, help@moz.com)"
"162.222.178.23","-","2015-06-09 06:55:31","GMT-0700","GET","/",200,600,"-","NerdyBot"
"185.62.188.75","-","2015-06-09 07:00:34","GMT-0700","GET","//cgi-bin/php",404,470,"-","Mozilla/4.0 (compatible; MSIE 6.0; Windows 98)"
"185.62.188.75","-","2015-06-09 07:00:35","GMT-0700","GET","//cgi-bin/php5",404,471,"-","Mozilla/4.0 (compatible; MSIE 6.0; Windows 98)"
"185.62.188.75","-","2015-06-09 07:00:35","GMT-0700","GET","//cgi-bin/php-cgi",404,472,"-","Mozilla/4.0 (compatible; MSIE 6.0; Windows 98)"
"185.62.188.75","-","2015-06-09 07:00:36","GMT-0700","GET","//cgi-bin/php.cgi",404,471,"-","Mozilla/4.0 (compatible; MSIE 6.0; Windows 98)"
"185.62.188.75","-","2015-06-09 07:00:36","GMT-0700","GET","//cgi-bin/php4",404,471,"-","Mozilla/4.0 (compatible; MSIE 6.0; Windows 98)"
"217.69.133.169","-","2015-06-09 07:02:35","GMT-0700","GET","/",200,508,"-","Mozilla/5.0 (X11; Linux x86_64; rv:18.0) Gecko/20100101 Firefox/18.0"
"217.69.133.169","-","2015-06-09 07:02:35","GMT-0700","GET","/favicon.ico",404,447,"-","Mozilla/5.0 (X11; Linux x86_64; rv:18.0) Gecko/20100101 Firefox/18.0"
"208.115.113.92","-","2015-06-09 07:37:44","GMT-0700","GET","/ramble/index.php?blogId=67",404,476,"-","Mozilla/5.0 (compatible; DotBot/1.1; http://www.opensiteexplorer.org/dotbot, help@moz.com)"
"91.226.212.50","-","2015-06-09 08:38:10","GMT-0700","GET","/",200,527,"http://digitalflock.org/","Mozilla/4.0 (compatible; MSIE 6.0; Windows NT 5.1; SV1)"
"119.63.196.75","-","2015-06-09 08:52:34","GMT-0700","GET","/",200,562,"-","Mozilla/5.0 (compatible; Baiduspider/2.0; +http://www.baidu.com/search/spider.html)"
"93.174.93.192","-","2015-06-09 09:42:19","GMT-0700","GET","/payment/pay.cgi",404,482,"-","-"
"69.58.178.59","-","2015-06-09 09:43:37","GMT-0700","GET","/robots.txt",200,365,"-","Mozilla/5.0 (X11; Ubuntu; Linux i686; rv:14.0; ips-agent) Gecko/20100101 Firefox/14.0.1"
"157.55.39.228","-","2015-06-09 09:58:36","GMT-0700","GET","/robots.txt",200,396,"-","Mozilla/5.0 (compatible; bingbot/2.0; +http://www.bing.com/bingbot.htm)"
"208.115.113.82","-","2015-06-09 10:01:56","GMT-0700","GET","/robots.txt",200,365,"-","Mozilla/5.0 (compatible; DotBot/1.1; http://www.opensiteexplorer.org/dotbot, help@moz.com)"
"208.115.113.82","-","2015-06-09 10:38:16","GMT-0700","GET","/ramble/index.php?blogId=21",404,476,"-","Mozilla/5.0 (compatible; DotBot/1.1; http://www.opensiteexplorer.org/dotbot, help@moz.com)"
"77.75.77.17","-","2015-06-09 11:19:33","GMT-0700","GET","/robots.txt",200,423,"-","Mozilla/5.0 (compatible; SeznamBot/3.2; +http://fulltext.sblog.cz/)"
"45.63.9.237","-","2015-06-09 11:22:18","GMT-0700","GET","/",200,562,"-","Python-urllib/2.6"
"61.135.190.219","-","2015-06-09 12:02:12","GMT-0700","GET","/",200,565,"http://www.baidu.com/s?wd=Deletedinode31337haszerodtimeFIXED%21","Mozilla/5.0 (iPhone; CPU iPhone OS 5_0 like Mac OS X) AppleWebKit/534.46 (KHTML, like Gecko) Version/5.1 Mobile/9A334 Safari/7534.48.3"
"50.182.5.128","-","2015-06-09 12:31:12","GMT-0700","GET","/",200,565,"-","Mozilla/5.0 (Macintosh; Intel Mac OS X 10_5_8) AppleWebKit/534.50.2 (KHTML, like Gecko) Version/5.0.6 Safari/533.22.3"
"198.27.64.208","-","2015-06-09 14:31:52","GMT-0700","GET","/robots.txt",200,358,"-","Mozilla/5.0 (compatible; MJ12bot/v1.4.5; http://www.majestic12.co.uk/bot.php?+)"
"66.249.65.226","-","2015-06-09 15:52:36","GMT-0700","GET","/robots.txt",200,423,"-","Mozilla/5.0 (compatible; Googlebot/2.1; +http://www.google.com/bot.html)"
"203.75.190.29","-","2015-06-09 16:04:56","GMT-0700","GET","/admin/config.php",404,535,"-","Wget/1.10.2 (Red Hat modified)"
"50.182.5.128","-","2015-06-09 16:07:36","GMT-0700","GET","/",200,565,"-","Mozilla/5.0 (Macintosh; Intel Mac OS X 10_5_8) AppleWebKit/534.50.2 (KHTML, like Gecko) Version/5.0.6 Safari/533.22.3"
"78.158.11.226","-","2015-06-09 16:09:03","GMT-0700","GET","/",200,562,"http://www.google.com/url?sa=t&rct=j&q=digitalflock.org&source=web&cd=5&ved=0CF0QFjAE&url=http:%2F%2Fdigitalflock.org%2F&cad=rja","Lynx/2.8.5rel.1 libwww-FM/2.15FC SSL-MM/1.4.1c OpenSSL/0.9.7e-dev"
"117.78.13.18","-","2015-06-09 17:07:51","GMT-0700","GET","/robots.txt",200,385,"-","nutch-1.4/Nutch-1.4"
"81.209.177.189","-","2015-06-09 19:14:02","GMT-0700","GET","/robots.txt",200,423,"-","netEstate NE Crawler (+http://www.website-datenbank.de/)"
"123.30.175.212","-","2015-06-09 20:21:22","GMT-0700","GET","/robots.txt",200,385,"-","Mozilla/5.0 (compatible; coccoc/1.0; +http://help.coccoc.com/)"
"78.37.62.48","-","2015-06-09 20:53:48","GMT-0700","GET","/robots.txt",200,423,"-","Mozilla/5.0 (Windows NT 6.1; WOW64; Trident/7.0; rv:11.0) like Gecko"
"78.37.62.48","-","2015-06-09 20:53:49","GMT-0700","GET","/wp-login.php",404,504,"-","Mozilla/5.0 (Windows NT 6.1; WOW64; Trident/7.0; rv:11.0) like Gecko"
"78.37.62.48","-","2015-06-09 20:53:49","GMT-0700","GET","/wp-login/",404,502,"-","Mozilla/5.0 (Windows NT 6.1; WOW64; Trident/7.0; rv:11.0) like Gecko"
"78.37.62.48","-","2015-06-09 20:53:51","GMT-0700","GET","/wordpress/wp-login.php",404,509,"-","Mozilla/5.0 (Windows NT 6.1; WOW64; Trident/7.0; rv:11.0) like Gecko"
"78.37.62.48","-","2015-06-09 20:53:51","GMT-0700","GET","/wp-admin/wp-login.php",404,509,"-","Mozilla/5.0 (Windows NT 6.1; WOW64; Trident/7.0; rv:11.0) like Gecko"
"78.37.62.48","-","2015-06-09 20:53:52","GMT-0700","GET","/section/wp-login.php",404,509,"-","Mozilla/5.0 (Windows NT 6.1; WOW64; Trident/7.0; rv:11.0) like Gecko"
"78.37.62.48","-","2015-06-09 20:53:52","GMT-0700","GET","/cms/wp-login.php",404,507,"-","Mozilla/5.0 (Windows NT 6.1; WOW64; Trident/7.0; rv:11.0) like Gecko"
"78.37.62.48","-","2015-06-09 20:53:52","GMT-0700","GET","/site/wp-login.php",404,507,"-","Mozilla/5.0 (Windows NT 6.1; WOW64; Trident/7.0; rv:11.0) like Gecko"
"78.37.62.48","-","2015-06-09 20:53:53","GMT-0700","GET","/blog/wp-login.php",404,506,"-","Mozilla/5.0 (Windows NT 6.1; WOW64; Trident/7.0; rv:11.0) like Gecko"
"78.37.62.48","-","2015-06-09 20:53:54","GMT-0700","GET","/admin/wp-login.php",404,508,"-","Mozilla/5.0 (Windows NT 6.1; WOW64; Trident/7.0; rv:11.0) like Gecko"
"78.37.62.48","-","2015-06-09 20:53:54","GMT-0700","GET","/wp/wp-login.php",404,506,"-","Mozilla/5.0 (Windows NT 6.1; WOW64; Trident/7.0; rv:11.0) like Gecko"
"75.98.36.146","-","2015-06-09 21:45:15","GMT-0700","GET","/admin/bootstrap.inc.php?mgp=danc3Uf@t&c=",404,485,"-","-"
"54.198.107.202","-","2015-06-09 22:30:22","GMT-0700","HEAD","/",200,260,"-","Cloud mapping experiment. Contact research@pdrlabs.net"
"208.93.104.8","-","2015-06-09 23:26:14","GMT-0700","HEAD","/",200,260,"-","http://www.yellowpages.com/about/legal/crawl"
"162.243.210.53","-","2015-06-09 23:33:13","GMT-0700","GET","/robots.txt",200,385,"-","Mozilla/5.0 (compatible; spbot/4.4.2; +http://OpenLinkProfiler.org/bot )"
"123.126.113.104","-","2015-06-10 01:57:30","GMT-0700","GET","/robots.txt",200,358,"-","Sogou web spider/4.0(+http://www.sogou.com/docs/help/webmasters.htm#07)"
"123.126.113.104","-","2015-06-10 01:57:34","GMT-0700","GET","/",200,565,"-","Mozilla/5.0 (X11; Linux x86_64) AppleWebKit/534.34 (KHTML, like Gecko) Qt/4.8.1 Safari/534.34"
"123.126.113.104","-","2015-06-10 01:57:34","GMT-0700","GET","/hamster.gif",200,700105,"http://spinster.org/","Mozilla/5.0 (X11; Linux x86_64) AppleWebKit/534.34 (KHTML, like Gecko) Qt/4.8.1 Safari/534.34"
"66.249.65.193","-","2015-06-10 02:07:07","GMT-0700","GET","/robots.txt",200,423,"-","Mozilla/5.0 (compatible; Googlebot/2.1; +http://www.google.com/bot.html)"
"66.249.73.133","-","2015-06-10 02:07:23","GMT-0700","GET","/robots.txt",200,423,"-","Mozilla/5.0 (compatible; Googlebot/2.1; +http://www.google.com/bot.html)"
"27.159.68.216","-","2015-06-10 02:13:19","GMT-0700","GET","/ramble/index.php?blogid=44",404,507,"-","Mozilla/4.0 (compatible; MSIE 6.0; Windows NT 5.1; SV1; Mozilla/4.0 (compatible; MSIE 6.0; Windows NT 5.1; SV1) ; .NET CLR 1.0.3705)"
"61.240.144.67","-","2015-06-10 02:17:46","GMT-0700","GET","/",200,562,"-","masscan/1.0 (https://github.com/robertdavidgraham/masscan)"
"101.226.33.206","-","2015-06-10 03:01:46","GMT-0700","GET","/",200,562,"-","Mozilla/5.0 (Linux; U; Android 4.4.2; zh-cn; GT-I9500 Build/KOT49H) AppleWebKit/537.36 (KHTML, like Gecko)Version/4.0 MQQBrowser/5.0 QQ-Manager Mobile Safari/537.36"
"54.80.255.156","-","2015-06-10 04:28:25","GMT-0700","HEAD","/",200,260,"-","Cloud mapping experiment. Contact research@pdrlabs.net"
"162.211.122.43","-","2015-06-10 04:52:22","GMT-0700","GET","/",200,527,"http://www.spinster.org","Mozilla/5.0 (Windows NT 6.1; WOW64; rv:34.0) Gecko/20100101 Firefox/34.0"
"203.133.169.17","-","2015-06-10 05:38:41","GMT-0700","GET","/",200,565,"-","Mozilla/5.0 (compatible; MSIE or Firefox mutant; not on Windows server;) Daumoa/4.0"
"203.133.171.100","-","2015-06-10 05:56:59","GMT-0700","GET","/",200,565,"-","Mozilla/5.0 (compatible; MSIE or Firefox mutant; not on Windows server;) Daumoa/4.0"
"148.251.52.173","-","2015-06-10 06:06:15","GMT-0700","GET","/photos/black_fleet/wookie.jpg",404,493,"-","-"
"203.133.171.100","-","2015-06-10 06:06:57","GMT-0700","GET","/robots.txt",200,423,"-","Mozilla/5.0 (compatible; MSIE or Firefox mutant; not on Windows server;) Daumoa/4.0"
"130.211.133.72","-","2015-06-10 06:55:29","GMT-0700","GET","/",200,600,"-","NerdyBot"
"91.200.12.53","-","2015-06-10 06:59:12","GMT-0700","GET","/ramble/index.php?blogid=48",404,495,"http://spinster.org/ramble/index.php?blogid=48","Mozilla/5.0 (Windows NT 6.3; WOW64) AppleWebKit/537.36 (KHTML, like Gecko) Chrome/37.0.2062.124 YaBrowser/14.10.2062.12061 Safari/537.36"
"91.200.12.53","-","2015-06-10 06:59:12","GMT-0700","GET","/",200,562,"http://spinster.org/","Mozilla/5.0 (Windows NT 6.3; WOW64) AppleWebKit/537.36 (KHTML, like Gecko) Chrome/37.0.2062.124 YaBrowser/14.10.2062.12061 Safari/537.36"
"91.200.12.53","-","2015-06-10 06:59:13","GMT-0700","GET","/ramble/index.php?blogid=48",404,495,"http://spinster.org/ramble/index.php?blogid=48","Mozilla/5.0 (Windows NT 6.1) AppleWebKit/537.36 (KHTML, like Gecko) Chrome/39.0.2171.65 Safari/537.36 OPR/26.0.1656.24"
"91.200.12.53","-","2015-06-10 06:59:13","GMT-0700","GET","/",200,562,"http://spinster.org/","Mozilla/5.0 (Windows NT 6.1) AppleWebKit/537.36 (KHTML, like Gecko) Chrome/39.0.2171.65 Safari/537.36 OPR/26.0.1656.24"
"91.200.12.53","-","2015-06-10 07:28:08","GMT-0700","GET","/ramble/index.php?blogid=48",404,495,"http://spinster.org/ramble/index.php?blogid=48","Mozilla/5.0 (Windows NT 6.2; WOW64) AppleWebKit/537.36 (KHTML, like Gecko) Chrome/39.0.2171.71 Safari/537.36"
"91.200.12.53","-","2015-06-10 07:28:09","GMT-0700","GET","/",200,562,"http://spinster.org/","Mozilla/5.0 (Windows NT 6.2; WOW64) AppleWebKit/537.36 (KHTML, like Gecko) Chrome/39.0.2171.71 Safari/537.36"
"42.120.160.41","-","2015-06-10 07:29:21","GMT-0700","GET","/",200,565,"-","YisouSpider"
"219.239.149.128","-","2015-06-10 08:02:44","GMT-0700","GET","/ramble/index.php",404,495,"http://spinster.org/ramble/index.php","Mozilla/5.0 (Windows NT 6.3; WOW64; rv:36.0) Gecko/20100101 Firefox/36.0"
"221.204.223.245","-","2015-06-10 08:02:47","GMT-0700","GET","/ramble/index.php",404,533,"http://spinster.org/ramble/index.php","Mozilla/5.0 (Windows NT 6.3; WOW64; rv:36.0) Gecko/20100101 Firefox/36.0"
"178.248.24.4","-","2015-06-10 08:02:49","GMT-0700","GET","/ramble/index.php",404,495,"http://spinster.org/ramble/index.php","Mozilla/5.0 (Windows NT 6.3; WOW64; rv:36.0) Gecko/20100101 Firefox/36.0"
"219.239.149.128","-","2015-06-10 08:02:56","GMT-0700","GET","/ramble/index.php",404,495,"http://spinster.org/ramble/index.php","Mozilla/5.0 (Windows NT 6.3; WOW64; rv:36.0) Gecko/20100101 Firefox/36.0"
"209.66.192.149","-","2015-06-10 08:02:59","GMT-0700","GET","/ramble/index.php",404,533,"http://spinster.org/ramble/index.php","Mozilla/5.0 (Windows NT 6.3; WOW64; rv:36.0) Gecko/20100101 Firefox/36.0"
"91.200.12.53","-","2015-06-10 08:07:09","GMT-0700","GET","/ramble/index.php?blogid=48",404,495,"http://spinster.org/ramble/index.php?blogid=48","Mozilla/5.0 (Windows NT 6.3; WOW64) AppleWebKit/537.36 (KHTML, like Gecko) Chrome/39.0.2171.65 Safari/537.36 OPR/26.0.1656.24"
"91.200.12.53","-","2015-06-10 08:07:10","GMT-0700","GET","/",200,562,"http://spinster.org/","Mozilla/5.0 (Windows NT 6.3; WOW64) AppleWebKit/537.36 (KHTML, like Gecko) Chrome/39.0.2171.65 Safari/537.36 OPR/26.0.1656.24"
"91.200.12.53","-","2015-06-10 08:07:10","GMT-0700","GET","/ramble/index.php?blogid=48",404,495,"http://spinster.org/ramble/index.php?blogid=48","Mozilla/5.0 (Windows NT 5.1) AppleWebKit/537.36 (KHTML, like Gecko) Chrome/39.0.2171.65 Safari/537.36"
"91.200.12.53","-","2015-06-10 08:07:11","GMT-0700","GET","/",200,562,"http://spinster.org/","Mozilla/5.0 (Windows NT 5.1) AppleWebKit/537.36 (KHTML, like Gecko) Chrome/39.0.2171.65 Safari/537.36"
"104.197.76.148","-","2015-06-10 08:14:06","GMT-0700","GET","/",200,600,"-","NerdyBot"
"91.200.12.53","-","2015-06-10 08:37:32","GMT-0700","GET","/ramble/index.php?blogid=48",404,495,"http://spinster.org/ramble/index.php?blogid=48","Mozilla/5.0 (Windows NT 6.1) AppleWebKit/537.36 (KHTML, like Gecko) Chrome/39.0.2171.65 Safari/537.36"
"91.200.12.53","-","2015-06-10 08:37:33","GMT-0700","GET","/",200,562,"http://spinster.org/","Mozilla/5.0 (Windows NT 6.1) AppleWebKit/537.36 (KHTML, like Gecko) Chrome/39.0.2171.65 Safari/537.36"
"119.63.196.104","-","2015-06-10 08:52:28","GMT-0700","GET","/",200,562,"-","Mozilla/5.0 (compatible; Baiduspider/2.0; +http://www.baidu.com/search/spider.html)"
"27.159.68.216","-","2015-06-10 09:47:38","GMT-0700","GET","/ramble/index.php?blogid=44",404,507,"-","Mozilla/4.0 (compatible; MSIE 6.0; Windows NT 5.1; SV1; Mozilla/4.0 (compatible; MSIE 6.0; Windows NT 5.1; SV1) ; .NET CLR 2.0.50727 ; .NET CLR 4.0.30319)"
"157.55.39.229","-","2015-06-10 10:28:24","GMT-0700","GET","/robots.txt",200,396,"-","Mozilla/5.0 (compatible; bingbot/2.0; +http://www.bing.com/bingbot.htm)"
"45.62.47.230","-","2015-06-10 10:47:42","GMT-0700","GET","/ramble/index.php?blogId=5",404,469,"http://spinster.org/","Mozilla/5.0 (Windows NT 6.1; WOW64) AppleWebKit/537.36 (KHTML, like Gecko) Maxthon/4.4.4.600 Chrome/30.0.1599.101 Safari/537.36"
"45.62.47.230","-","2015-06-10 10:47:42","GMT-0700","GET","/",200,565,"http://spinster.org","Mozilla/5.0 (Windows NT 6.1; WOW64) AppleWebKit/537.36 (KHTML, like Gecko) Maxthon/4.4.4.600 Chrome/30.0.1599.101 Safari/537.36"
"208.115.113.82","-","2015-06-10 11:55:14","GMT-0700","GET","/robots.txt",200,365,"-","Mozilla/5.0 (compatible; DotBot/1.1; http://www.opensiteexplorer.org/dotbot, help@moz.com)"
"110.86.184.132","-","2015-06-10 12:07:34","GMT-0700","GET","/ramble/index.php?blogId=57",404,533,"http://spinster.org/ramble/index.php?blogId=57","Mozilla/5.0 (Windows; U; Windows NT 5.1; zh-CN; rv:1.9.2.2) Gecko/20100316 Firefox/3.6.2 (.NET CLR 3.5.30729)"
"208.115.113.82","-","2015-06-10 12:09:54","GMT-0700","GET","/ramble/index.php?blogId=36",404,476,"-","Mozilla/5.0 (compatible; DotBot/1.1; http://www.opensiteexplorer.org/dotbot, help@moz.com)"
"54.91.32.90","-","2015-06-10 12:44:26","GMT-0700","GET","/",200,600,"-","Mozilla/5.0 (Macintosh; Intel Mac OS X 10_8_3) AppleWebKit/537.31 (KHTML, like Gecko) Chrome/26.0.1410.65 Safari/537.31"
"68.180.229.43","-","2015-06-10 14:26:37","GMT-0700","GET","/robots.txt",304,155,"-","Mozilla/5.0 (compatible; Yahoo! Slurp; http://help.yahoo.com/help/us/ysearch/slurp)"
"193.106.31.216","-","2015-06-10 15:05:52","GMT-0700","GET","/",200,508,"-","Mozilla/5.0 (X11; Linux i686; rv:21.0) Gecko/20100101 Firefox/21.0"
"75.98.36.146","-","2015-06-10 15:10:27","GMT-0700","POST","/moadmin/moadmin.php",404,508,"-","-"
"66.249.65.240","-","2015-06-10 16:17:20","GMT-0700","GET","/robots.txt",200,423,"-","Mozilla/5.0 (compatible; Googlebot/2.1; +http://www.google.com/bot.html)"
"207.46.13.26","-","2015-06-10 17:16:10","GMT-0700","GET","/robots.txt",200,396,"-","Mozilla/5.0 (compatible; bingbot/2.0; +http://www.bing.com/bingbot.htm)"
"66.249.73.243","-","2015-06-10 17:54:29","GMT-0700","GET","/robots.txt",200,423,"-","Mozilla/5.0 (compatible; Googlebot/2.1; +http://www.google.com/bot.html)"
"50.182.5.128","-","2015-06-10 18:14:52","GMT-0700","GET","/",200,565,"-","Mozilla/5.0 (Macintosh; Intel Mac OS X 10_5_8) AppleWebKit/534.50.2 (KHTML, like Gecko) Version/5.0.6 Safari/533.22.3"
"91.230.202.131","-","2015-06-10 21:19:48","GMT-0700","GET","/robots.txt",200,358,"-","Mozilla/5.0 (compatible; MJ12bot/v1.4.5; http://www.majestic12.co.uk/bot.php?+)"
"198.204.241.202","-","2015-06-10 21:43:16","GMT-0700","GET","/ramble/index.php?blogId=57",404,495,"http://spinster.org/ramble/index.php?blogId=57","Mozilla/5.0 (Windows NT 6.1; WOW64) AppleWebKit/537.36 (KHTML, like Gecko) Chrome/37.0.2062.124 YaBrowser/14.10.2062.12061 Safari/537.36"
"198.204.241.202","-","2015-06-10 21:43:16","GMT-0700","GET","/",200,562,"http://spinster.org/","Mozilla/5.0 (Windows NT 6.1; WOW64) AppleWebKit/537.36 (KHTML, like Gecko) Chrome/37.0.2062.124 YaBrowser/14.10.2062.12061 Safari/537.36"
"54.173.142.172","-","2015-06-10 23:05:07","GMT-0700","GET","/",200,600,"-","Mozilla/5.0 (X11; Linux x86_64) AppleWebKit/537.36 (KHTML, like Gecko) Chrome/29.0.1547.57 Safari/537.36"
"91.226.212.50","-","2015-06-10 23:10:33","GMT-0700","GET","/",200,527,"http://spinster.org/","Mozilla/4.0 (compatible; MSIE 6.0; Windows NT 5.1; SV1)"
"195.34.78.11","-","2015-06-11 00:51:33","GMT-0700","GET","/",200,508,"-","Mozilla/5.0 (Windows NT 6.1; WOW64) AppleWebKit/537.36 (KHTML, like Gecko) Chrome/31.0.1623.0 Safari/537.36"
"85.236.214.17","-","2015-06-11 01:02:22","GMT-0700","GET","/photos/engel.jpg",404,480,"-","PECL::HTTP/1.7.4 (PHP/5.3.15-1~dotdeb.0)"
"199.96.88.152","-","2015-06-11 01:56:48","GMT-0700","GET","/tmUnblock.cgi",400,514,"-","-"
"199.96.88.152","-","2015-06-11 01:56:48","GMT-0700","GET","/",400,514,"-","-"
"104.197.98.13","-","2015-06-11 06:55:02","GMT-0700","GET","/",200,600,"-","NerdyBot"
"104.197.44.84","-","2015-06-11 08:13:56","GMT-0700","GET","/",200,600,"-","NerdyBot"
"119.63.196.10","-","2015-06-11 08:52:21","GMT-0700","GET","/",200,562,"-","Mozilla/5.0 (compatible; Baiduspider/2.0; +http://www.baidu.com/search/spider.html)"
"95.215.9.222","-","2015-06-11 10:03:57","GMT-0700","GET","/",200,562,"-","netscan.lekus.su"
"162.211.122.43","-","2015-06-11 10:08:59","GMT-0700","GET","/",200,527,"http://www.spinster.org","Mozilla/5.0 (Windows NT 6.1; WOW64; rv:34.0) Gecko/20100101 Firefox/34.0"
"198.100.144.83","-","2015-06-11 10:18:41","GMT-0700","GET","/robots.txt",200,358,"-","Mozilla/5.0 (compatible; MJ12bot/v1.4.5; http://www.majestic12.co.uk/bot.php?+)"
"66.249.64.49","-","2015-06-11 13:41:43","GMT-0700","GET","/robots.txt",200,423,"-","Mozilla/5.0 (compatible; Googlebot/2.1; +http://www.google.com/bot.html)"
"111.13.102.137","-","2015-06-11 13:44:18","GMT-0700","GET","/robots.txt",200,385,"-","Mozilla/5.0 (Windows NT 5.1; rv:6.0.2) Gecko/20100101 Firefox/6.0.2"
"50.182.5.128","-","2015-06-11 14:39:17","GMT-0700","GET","/",200,565,"-","Mozilla/5.0 (Macintosh; Intel Mac OS X 10_5_8) AppleWebKit/534.50.2 (KHTML, like Gecko) Version/5.0.6 Safari/533.22.3"
"50.182.5.128","-","2015-06-11 14:39:17","GMT-0700","GET","/hamster.gif",200,700106,"http://spinster.org/","Mozilla/5.0 (Macintosh; Intel Mac OS X 10_5_8) AppleWebKit/534.50.2 (KHTML, like Gecko) Version/5.0.6 Safari/533.22.3"
"208.115.113.82","-","2015-06-11 15:57:24","GMT-0700","GET","/robots.txt",200,365,"-","Mozilla/5.0 (compatible; DotBot/1.1; http://www.opensiteexplorer.org/dotbot, help@moz.com)"
"66.249.64.26","-","2015-06-11 16:03:48","GMT-0700","GET","/robots.txt",200,423,"-","Mozilla/5.0 (compatible; Googlebot/2.1; +http://www.google.com/bot.html)"
"208.115.113.82","-","2015-06-11 16:20:59","GMT-0700","GET","/my_photos/2.html",404,480,"-","Mozilla/5.0 (compatible; DotBot/1.1; http://www.opensiteexplorer.org/dotbot, help@moz.com)"
"179.61.166.170","-","2015-06-11 18:58:12","GMT-0700","GET","/ramble/index.php?blogId=12",404,469,"http://spinster.org/","Mozilla/5.0 (Windows NT 6.1; WOW64; rv:33.0) Gecko/20100101 Firefox/33.0"
"179.61.166.170","-","2015-06-11 18:58:13","GMT-0700","GET","/",200,565,"http://spinster.org","Mozilla/5.0 (Windows NT 6.1; WOW64; rv:33.0) Gecko/20100101 Firefox/33.0"
"158.106.67.170","-","2015-06-11 20:35:56","GMT-0700","GET","/robots.txt",200,396,"http://www.bdbrandprotect.com","Mozilla/4.0+(compatible;+MSIE+6.0;+Windows+NT+5.1)"
"5.104.175.207","-","2015-06-11 21:24:58","GMT-0700","GET","/",200,508,"-","Mozilla/5.0 (Windows NT 5.1; rv:9.0.1) Gecko/20100101 Firefox/9.0.1"
"61.240.144.67","-","2015-06-11 21:44:10","GMT-0700","GET","/",200,562,"-","masscan/1.0 (https://github.com/robertdavidgraham/masscan)"
"220.255.1.138","-","2015-06-11 22:24:21","GMT-0700","GET","/tmUnblock.cgi",400,514,"-","-"
"220.255.1.103","-","2015-06-11 22:24:22","GMT-0700","GET","/",400,514,"-","-"
"75.98.36.146","-","2015-06-11 23:31:41","GMT-0700","POST","/moadmin/moadmin.php",404,508,"-","-"
"114.37.236.52","-","2015-06-12 00:58:07","GMT-0700","GET","/ramble/index.php?blogId=103",404,507,"http://spinster.org/","Mozilla/5.0 (Windows NT 6.1; WOW64; rv:34.0) Gecko/20100101 Firefox/34.0"
"114.37.236.52","-","2015-06-12 00:58:07","GMT-0700","GET","/",200,564,"http://spinster.org","Mozilla/5.0 (Windows NT 6.1; WOW64; rv:34.0) Gecko/20100101 Firefox/34.0"
"141.212.122.154","-","2015-06-12 01:07:27","GMT-0700","GET","/",200,543,"-","-"
"77.75.78.160","-","2015-06-12 03:23:07","GMT-0700","GET","/robots.txt",200,423,"-","Mozilla/5.0 (compatible; SeznamBot/3.2; +http://fulltext.sblog.cz/)"
"157.55.39.115","-","2015-06-12 04:42:05","GMT-0700","GET","/robots.txt",200,396,"-","Mozilla/5.0 (compatible; bingbot/2.0; +http://www.bing.com/bingbot.htm)"
"50.182.5.128","-","2015-06-12 05:13:48","GMT-0700","GET","/",200,565,"-","Mozilla/5.0 (Macintosh; Intel Mac OS X 10_5_8) AppleWebKit/534.50.2 (KHTML, like Gecko) Version/5.0.6 Safari/533.22.3"
"50.182.5.128","-","2015-06-12 05:13:48","GMT-0700","GET","/hamster.gif",200,700105,"http://spinster.org/","Mozilla/5.0 (Macintosh; Intel Mac OS X 10_5_8) AppleWebKit/534.50.2 (KHTML, like Gecko) Version/5.0.6 Safari/533.22.3"
"208.115.113.82","-","2015-06-12 05:53:19","GMT-0700","GET","/robots.txt",200,365,"-","Mozilla/5.0 (compatible; DotBot/1.1; http://www.opensiteexplorer.org/dotbot, help@moz.com)"
"208.115.113.82","-","2015-06-12 06:08:23","GMT-0700","GET","/ramble/index.php?blogId=42",404,476,"-","Mozilla/5.0 (compatible; DotBot/1.1; http://www.opensiteexplorer.org/dotbot, help@moz.com)"
"66.249.65.193","-","2015-06-12 06:17:34","GMT-0700","GET","/robots.txt",200,423,"-","Mozilla/5.0 (compatible; Googlebot/2.1; +http://www.google.com/bot.html)"
"66.249.65.240","-","2015-06-12 06:17:43","GMT-0700","GET","/robots.txt",200,423,"-","Mozilla/5.0 (compatible; Googlebot/2.1; +http://www.google.com/bot.html)"
"23.29.134.16","-","2015-06-12 06:37:28","GMT-0700","GET","/",200,565,"-","python-requests/2.6.2 CPython/2.7.6 Linux/3.13.0-49-generic"
"157.55.39.222","-","2015-06-12 06:41:01","GMT-0700","GET","/robots.txt",200,396,"-","Mozilla/5.0 (compatible; bingbot/2.0; +http://www.bing.com/bingbot.htm)"
"104.197.99.25","-","2015-06-12 06:55:08","GMT-0700","GET","/",200,600,"-","NerdyBot"
"119.63.196.13","-","2015-06-12 08:52:25","GMT-0700","GET","/",200,562,"-","Mozilla/5.0 (compatible; Baiduspider/2.0; +http://www.baidu.com/search/spider.html)"
"180.76.15.139","-","2015-06-12 13:17:33","GMT-0700","GET","/robots.txt",200,385,"-","Mozilla/5.0 (Windows NT 5.1; rv:6.0.2) Gecko/20100101 Firefox/6.0.2"
"50.195.145.51","-","2015-06-12 13:41:54","GMT-0700","GET","/",200,600,"-","Mozilla/5.0 (Windows NT 6.1; WOW64; Trident/7.0; AS; rv:11.0) like Gecko"
"45.62.35.27","-","2015-06-12 14:02:35","GMT-0700","GET","/ramble/index.php?blogId=49",404,469,"http://spinster.org/","Mozilla/5.0 (Windows NT 6.1; WOW64; rv:34.0) Gecko/20100101 Firefox/34.0"
"45.62.35.27","-","2015-06-12 14:02:37","GMT-0700","GET","/",200,565,"http://spinster.org","Mozilla/5.0 (Windows NT 6.1; WOW64; rv:34.0) Gecko/20100101 Firefox/34.0"
"162.243.94.174","-","2015-06-12 15:22:16","GMT-0700","GET","/robots.txt",200,385,"-","Mozilla/5.0 (compatible; spbot/4.4.2; +http://OpenLinkProfiler.org/bot )"
"162.211.122.43","-","2015-06-12 16:01:12","GMT-0700","GET","/",200,527,"http://www.spinster.org","Mozilla/5.0 (Windows NT 6.1; WOW64; rv:34.0) Gecko/20100101 Firefox/34.0"
"91.200.12.171","-","2015-06-12 19:01:05","GMT-0700","GET","/ramble/index.php",404,495,"www.nikeairmaxfemmerwebs.fr","Mozilla/5.0 (Windows NT 5.2; WOW64; rv:33.0) Gecko/20100101 Firefox/33.0"
"91.200.12.171","-","2015-06-12 19:01:06","GMT-0700","GET","/",200,562,"http://spinster.org/","Mozilla/5.0 (Windows NT 5.2; WOW64; rv:33.0) Gecko/20100101 Firefox/33.0"
"207.46.13.139","-","2015-06-12 19:07:51","GMT-0700","GET","/robots.txt",200,396,"-","Mozilla/5.0 (compatible; bingbot/2.0; +http://www.bing.com/bingbot.htm)"
"157.55.39.115","-","2015-06-12 20:40:19","GMT-0700","GET","/robots.txt",200,396,"-","Mozilla/5.0 (compatible; bingbot/2.0; +http://www.bing.com/bingbot.htm)"
"133.18.5.55","-","2015-06-12 21:36:04","GMT-0700","GET","/",200,562,"-","-"
"133.18.5.55","-","2015-06-12 21:36:04","GMT-0700","GET","/wp-login.php",404,491,"-","-"
"133.18.5.55","-","2015-06-12 21:36:04","GMT-0700","GET","/administrator/index.php",404,502,"-","-"
"180.76.15.150","-","2015-06-12 21:55:45","GMT-0700","GET","/robots.txt",200,385,"-","Mozilla/5.0 (Windows NT 5.1; rv:6.0.2) Gecko/20100101 Firefox/6.0.2"
"198.27.64.33","-","2015-06-12 22:12:20","GMT-0700","GET","/robots.txt",200,358,"-","Mozilla/5.0 (compatible; MJ12bot/v1.4.5; http://www.majestic12.co.uk/bot.php?+)"
"110.86.56.4","-","2015-06-12 22:17:33","GMT-0700","GET","/ramble/index.php?blogid=44",404,507,"-","Mozilla/4.0 (compatible; MSIE 6.0; Windows NT 5.1; SV1)"
"208.93.104.8","-","2015-06-12 23:00:01","GMT-0700","HEAD","/",200,260,"-","http://www.yellowpages.com/about/legal/crawl"
"5.104.175.207","-","2015-06-12 23:26:29","GMT-0700","GET","/",200,508,"-","Mozilla/5.0 (Windows NT 5.1; rv:9.0.1) Gecko/20100101 Firefox/9.0.1"
"208.115.113.82","-","2015-06-12 23:49:27","GMT-0700","GET","/robots.txt",200,365,"-","Mozilla/5.0 (compatible; DotBot/1.1; http://www.opensiteexplorer.org/dotbot, help@moz.com)"
"208.115.113.82","-","2015-06-13 00:44:30","GMT-0700","GET","/ramble/index.php?blogId=55",404,476,"-","Mozilla/5.0 (compatible; DotBot/1.1; http://www.opensiteexplorer.org/dotbot, help@moz.com)"
"178.255.215.92","-","2015-06-13 01:06:14","GMT-0700","GET","/robots.txt",200,385,"-","Mozilla/5.0 (compatible; Exabot/3.0; +http://www.exabot.com/go/robot)"
"208.115.113.82","-","2015-06-13 01:56:44","GMT-0700","GET","/robots.txt",200,365,"-","Mozilla/5.0 (compatible; DotBot/1.1; http://www.opensiteexplorer.org/dotbot, help@moz.com)"
"66.249.73.235","-","2015-06-13 02:02:39","GMT-0700","GET","/robots.txt",200,423,"-","Mozilla/5.0 (compatible; Googlebot/2.1; +http://www.google.com/bot.html)"
"66.249.73.245","-","2015-06-13 02:15:54","GMT-0700","GET","/robots.txt",200,423,"-","Mozilla/5.0 (compatible; Googlebot/2.1; +http://www.google.com/bot.html)"
"110.86.56.4","-","2015-06-13 02:17:20","GMT-0700","GET","/ramble/index.php?blogid=44",404,507,"-","Mozilla/4.0 (compatible; MSIE 6.0; Windows NT 5.1)"
"123.30.175.209","-","2015-06-13 02:36:19","GMT-0700","GET","/robots.txt",200,385,"-","Mozilla/5.0 (compatible; coccoc/1.0; +http://help.coccoc.com/)"
"208.115.113.82","-","2015-06-13 02:39:06","GMT-0700","GET","/",200,543,"-","Mozilla/5.0 (compatible; DotBot/1.1; http://www.opensiteexplorer.org/dotbot, help@moz.com)"
"101.226.33.202","-","2015-06-13 03:01:26","GMT-0700","GET","/",200,562,"-","Mozilla/5.0 (Linux; U; Android 4.4.2; zh-cn; GT-I9500 Build/KOT49H) AppleWebKit/537.36 (KHTML, like Gecko)Version/4.0 MQQBrowser/5.0 QQ-Manager Mobile Safari/537.36"
"208.115.113.92","-","2015-06-13 04:33:55","GMT-0700","GET","/robots.txt",200,365,"-","Mozilla/5.0 (compatible; DotBot/1.1; http://www.opensiteexplorer.org/dotbot, help@moz.com)"
"141.212.122.18","-","2015-06-13 04:49:36","GMT-0700","CONNECT","google.com:443",405,535,"-","-"
"208.115.113.92","-","2015-06-13 05:26:23","GMT-0700","GET","/ramble/index.php?blogId=52",404,476,"-","Mozilla/5.0 (compatible; DotBot/1.1; http://www.opensiteexplorer.org/dotbot, help@moz.com)"
"208.115.113.92","-","2015-06-13 05:47:38","GMT-0700","GET","/album/2005/rms-0923/54.html",404,487,"-","Mozilla/5.0 (compatible; DotBot/1.1; http://www.opensiteexplorer.org/dotbot, help@moz.com)"
"104.128.144.130","-","2015-06-13 06:33:15","GMT-0700","GET","/",200,562,"-","probethenet.com scanner"
"104.128.144.130","-","2015-06-13 06:33:15","GMT-0700","HEAD","/redirect.php",404,182,"-","probethenet.com scanner"
"104.197.107.223","-","2015-06-13 06:55:11","GMT-0700","GET","/",200,600,"-","NerdyBot"
"50.182.5.128","-","2015-06-13 06:57:52","GMT-0700","GET","/",200,565,"-","Mozilla/5.0 (Macintosh; Intel Mac OS X 10_5_8) AppleWebKit/534.50.2 (KHTML, like Gecko) Version/5.0.6 Safari/533.22.3"
"50.182.5.128","-","2015-06-13 06:57:52","GMT-0700","GET","/hamster.gif",200,700106,"http://spinster.org/","Mozilla/5.0 (Macintosh; Intel Mac OS X 10_5_8) AppleWebKit/534.50.2 (KHTML, like Gecko) Version/5.0.6 Safari/533.22.3"
"66.249.65.186","-","2015-06-13 07:36:21","GMT-0700","GET","/robots.txt",200,423,"-","Mozilla/5.0 (compatible; Googlebot/2.1; +http://www.google.com/bot.html)"
"87.206.241.22","-","2015-06-13 08:24:52","GMT-0700","GET","/photos/black_fleet/YodaClaus.jpg",404,523,"http://mb2.force-crusaders.org/zakon/index.php","Mozilla/5.0 (X11; Linux x86_64; rv:38.0) Gecko/20100101 Firefox/38.0"
"119.63.196.102","-","2015-06-13 08:52:49","GMT-0700","GET","/",200,562,"-","Mozilla/5.0 (compatible; Baiduspider/2.0; +http://www.baidu.com/search/spider.html)"
"94.242.246.24","-","2015-06-13 09:27:37","GMT-0700","GET","/",200,508,"http://hvd-store.com/","Mozilla/5.0 (X11; Linux x86_64) AppleWebKit/537.36 (KHTML, like Gecko) Chrome/37.0.2062.120 Safari/537.36"
"50.182.5.128","-","2015-06-13 09:47:49","GMT-0700","GET","/",200,565,"-","Mozilla/5.0 (Macintosh; Intel Mac OS X 10_5_8) AppleWebKit/534.50.2 (KHTML, like Gecko) Version/5.0.6 Safari/533.22.3"
"208.115.113.92","-","2015-06-13 10:57:58","GMT-0700","GET","/robots.txt",200,365,"-","Mozilla/5.0 (compatible; DotBot/1.1; http://www.opensiteexplorer.org/dotbot, help@moz.com)"
"208.115.113.92","-","2015-06-13 11:12:38","GMT-0700","GET","/ramble/index.php?blogId=91",404,476,"-","Mozilla/5.0 (compatible; DotBot/1.1; http://www.opensiteexplorer.org/dotbot, help@moz.com)"
"38.99.97.42","-","2015-06-13 11:25:22","GMT-0700","GET","/robots.txt",200,385,"-","Mozilla/5.0 (compatible; ScoutJet; +http://www.scoutjet.com/)"
"66.249.65.226","-","2015-06-13 12:29:10","GMT-0700","GET","/robots.txt",200,423,"-","Mozilla/5.0 (compatible; Googlebot/2.1; +http://www.google.com/bot.html)"
"198.27.65.39","-","2015-06-13 14:02:20","GMT-0700","GET","/robots.txt",200,358,"-","Mozilla/5.0 (compatible; MJ12bot/v1.4.5; http://www.majestic12.co.uk/bot.php?+)"
"66.249.81.166","-","2015-06-13 14:03:30","GMT-0700","GET","/images/tattoo.jpg",404,511,"http://www.bluelight.org/vb/threads/250188-Post-a-pic-of-a-really-shitty-tattoo-(work-warning)/page14","Mozilla/5.0 (X11; Linux x86_64) AppleWebKit/537.36 (KHTML, like Gecko; Google Web Preview) Chrome/27.0.1453 Safari/537.36"
"66.249.81.170","-","2015-06-13 14:03:36","GMT-0700","GET","/images/tattoo.jpg",404,511,"http://www.bluelight.org/vb/threads/250188-Post-a-pic-of-a-really-shitty-tattoo-(work-warning)/page14","Mozilla/5.0 (X11; Linux x86_64) AppleWebKit/537.36 (KHTML, like Gecko; Google Web Preview) Chrome/27.0.1453 Safari/537.36"
"117.169.1.21","-","2015-06-13 14:22:43","GMT-0700","GET","/ramble/index.php?blogId=41",404,450,"http://spinster.org/","Mozilla/5.0 (Windows NT 6.1; WOW64; rv:35.0) Gecko/20100101 Firefox/35.0"
"117.169.1.21","-","2015-06-13 14:22:57","GMT-0700","GET","/",200,508,"http://spinster.org","Mozilla/5.0 (Windows NT 6.1; WOW64; rv:35.0) Gecko/20100101 Firefox/35.0"
"208.115.113.92","-","2015-06-13 14:58:07","GMT-0700","GET","/robots.txt",200,365,"-","Mozilla/5.0 (compatible; DotBot/1.1; http://www.opensiteexplorer.org/dotbot, help@moz.com)"
"208.115.113.92","-","2015-06-13 15:19:52","GMT-0700","GET","/ramble/index.php?blogId=95",404,476,"-","Mozilla/5.0 (compatible; DotBot/1.1; http://www.opensiteexplorer.org/dotbot, help@moz.com)"
"192.99.9.164","-","2015-06-13 15:34:29","GMT-0700","GET","/",200,527,"-","Mozilla/5.0 (Macintosh; Intel Mac OS X 10_8_4) AppleWebKit/537.36 (KHTML, like Gecko) Chrome/27.0.1453.110 Safari/537.36"
"146.185.239.100","-","2015-06-13 17:11:48","GMT-0700","GET","http://24x7-allrequestsallowed.com/?PHPSESSID=a45ad01b00143XZMVUR_EABFVCW",200,543,"-","-"
"173.242.82.103","-","2015-06-13 19:44:38","GMT-0700","GET","/",200,565,"-","Links (2.7; Linux 3.18.11-v7+ armv7l; GNU C 4.6.3; text)"
"64.79.100.19","-","2015-06-13 20:28:23","GMT-0700","GET","/robots.txt",200,385,"http://www.spinster.org/robots.txt","Mozilla/5.0 (Windows NT 6.1; WOW64) AppleWebKit/537.36 (KHTML, like Gecko) Chrome/39.0.2171.95 Safari/537.36"
"64.79.100.19","-","2015-06-13 20:28:23","GMT-0700","GET","/",200,527,"http://www.spinster.org","Mozilla/5.0 (Windows NT 6.1; WOW64) AppleWebKit/537.36 (KHTML, like Gecko) Chrome/39.0.2171.95 Safari/537.36"
"64.79.100.19","-","2015-06-13 20:28:24","GMT-0700","GET","/",200,565,"-","Mozilla"
"162.211.122.43","-","2015-06-13 22:37:08","GMT-0700","GET","/",200,527,"http://www.spinster.org","Mozilla/5.0 (Windows NT 6.1; WOW64; rv:34.0) Gecko/20100101 Firefox/34.0"
"208.115.113.92","-","2015-06-13 22:57:35","GMT-0700","GET","/robots.txt",200,365,"-","Mozilla/5.0 (compatible; DotBot/1.1; http://www.opensiteexplorer.org/dotbot, help@moz.com)"
"208.115.113.92","-","2015-06-13 23:40:21","GMT-0700","GET","/ramble/index.php?blogId=45",404,476,"-","Mozilla/5.0 (compatible; DotBot/1.1; http://www.opensiteexplorer.org/dotbot, help@moz.com)"
"198.204.241.202","-","2015-06-14 00:05:11","GMT-0700","GET","/ramble/index.php?blogId=12",404,495,"http://spinster.org/ramble/index.php?blogId=12","Mozilla/5.0 (Windows NT 6.1; WOW64) AppleWebKit/537.36 (KHTML, like Gecko) Chrome/41.0.2272.101 Safari/537.36"
"198.204.241.202","-","2015-06-14 00:05:11","GMT-0700","GET","/",200,562,"http://spinster.org/","Mozilla/5.0 (Windows NT 6.1; WOW64) AppleWebKit/537.36 (KHTML, like Gecko) Chrome/41.0.2272.101 Safari/537.36"
"188.186.2.8","-","2015-06-14 02:38:00","GMT-0700","GET","/",200,565,"http://spinster.org","Mozilla/5.0 (Windows NT 6.1; WOW64; rv:35.0) Gecko/20100101 Firefox/35.0 AlexaToolbar/alxf-2.21"
"54.152.232.233","-","2015-06-14 03:13:50","GMT-0700","GET","/",200,600,"-","Mozilla/5.0 (X11; Ubuntu; Linux x86_64; rv:31.0) Gecko/20100101 Firefox/31.0"
"54.90.113.177","-","2015-06-14 03:44:44","GMT-0700","GET","/phone_pix/cat.jpg",404,496,"-","Python-urllib/2.7"
"110.86.56.4","-","2015-06-14 03:54:36","GMT-0700","GET","/ramble/index.php?blogid=44",404,507,"-","Mozilla/4.0 (compatible; MSIE 6.0; Windows NT 5.1; SV1; Mozilla/4.0 (compatible; MSIE 6.0; Windows NT 5.1; SV1) )"
"178.255.215.92","-","2015-06-14 05:42:47","GMT-0700","GET","/robots.txt",200,385,"-","Mozilla/5.0 (compatible; Exabot/3.0; +http://www.exabot.com/go/robot)"
"127.0.0.1","-","2015-06-14 06:54:05","GMT-0700","OPTIONS","*",200,152,"-","Apache/2.2.16 (Ubuntu) (internal dummy connection)"
"127.0.0.1","-","2015-06-14 06:54:05","GMT-0700","OPTIONS","*",200,152,"-","Apache/2.2.16 (Ubuntu) (internal dummy connection)"
"127.0.0.1","-","2015-06-14 06:54:05","GMT-0700","OPTIONS","*",200,152,"-","Apache/2.2.16 (Ubuntu) (internal dummy connection)"
"127.0.0.1","-","2015-06-14 06:54:05","GMT-0700","OPTIONS","*",200,152,"-","Apache/2.2.16 (Ubuntu) (internal dummy connection)"
"127.0.0.1","-","2015-06-14 06:54:05","GMT-0700","OPTIONS","*",200,152,"-","Apache/2.2.16 (Ubuntu) (internal dummy connection)"
"127.0.0.1","-","2015-06-14 06:54:05","GMT-0700","OPTIONS","*",200,152,"-","Apache/2.2.16 (Ubuntu) (internal dummy connection)"
"127.0.0.1","-","2015-06-14 06:54:05","GMT-0700","OPTIONS","*",200,152,"-","Apache/2.2.16 (Ubuntu) (internal dummy connection)"
"127.0.0.1","-","2015-06-14 06:54:05","GMT-0700","OPTIONS","*",200,152,"-","Apache/2.2.16 (Ubuntu) (internal dummy connection)"
